"Question";"Answer"
"What is the mission of QAware?";"QAware aims to unite individuals through their shared passion for programming, with a focus on architectural, methodological, and platform expertise."
"How does QAware contribute to the success of digital products?";"QAware is dedicated to taking responsibility for developing and operating crucial digital products with enthusiasm and the right solutions."
"What type of expertise does QAware specialize in?";"QAware's specializations include software architecture, development methodologies, and platform proficiency."
"Can you describe the company culture at QAware?";"The corporate environment at QAware fosters collaboration, innovation, and a passion for creating quality digital products."
"How does QAware ensure the right solutions for clients?";"QAware's team possesses the necessary knowledge and insight to identify suitable solutions tailored to each project's requirements."
"What kind of digital products does QAware develop and operate?";"QAware focuses on success-critical digital products, which have significant impact on the clients' business performance."
"How does QAware promote responsibility and commitment within the team?";"QAware encourages its team members to take ownership of their work and to be accountable for the success of the projects they undertake."
"What kind of projects does QAware typically work on?";"QAware handles a diverse range of projects, including software development, platform integration, and IT infrastructure optimization."
"Does QAware have any partnerships or collaborations in the industry?";"QAware maintains strategic partnerships with leading technology providers to offer cutting-edge solutions and services to its clients."
"How does QAware stay updated on the latest trends and technologies?";"QAware invests in continuous learning and development programs to ensure its team remains current on industry advancements and emerging technologies."
"How does QAware support team members in their professional growth?";"QAware offers continuous learning opportunities, mentorship, and a supportive environment to help employees develop their skills and advance their careers."
"What sets QAware apart from its competitors?";"QAware differentiates itself through a combination of technical expertise, a passion for programming, and a commitment to developing innovative solutions that drive client success."
"How does QAware approach project management?";"QAware employs a mix of agile methodologies and best practices to ensure efficient project execution and timely delivery."
"What is the size of QAware's team?";"QAware boasts a diverse and talented team of software architects, developers, and IT professionals dedicated to crafting exceptional digital products."
"How does QAware handle client relationships?";"QAware prioritizes transparent communication, regular updates, and a collaborative approach to building long-lasting partnerships with its clients."
"What industries does QAware serve?";"QAware caters to a wide range of industries, including finance, healthcare, retail, and technology, among others."
